{"Version":1,"ManifestType":"Publish","Endpoints":[{"Route":"abc-payment-demo-ajax.html","AssetFile":"abc-payment-demo-ajax.html.gz","Selectors":[{"Name":"Content-Encoding","Value":"gzip","Quality":"0.000276625173"}],"ResponseHeaders":[{"Name":"Cache-Control","Value":"no-cache"},{"Name":"Content-Encoding","Value":"gzip"},{"Name":"Content-Length","Value":"3614"},{"Name":"Content-Type","Value":"text/html"},{"Name":"ETag","Value":"\"PlpVU6BmgCtaGUscGNP3uSya0ZEX1CHjMEAaXFXJcg0=\""},{"Name":"Last-Modified","Value":"Mon, 26 Jan 2026 08:21:27 GMT"},{"Name":"Vary","Value":"Accept-Encoding"}],"EndpointProperties":[{"Name":"integrity","Value":"sha256-35kMd2pU8gpsXzZzJzeTZe0gojJVH2ifLioO/rvyG5M="},{"Name":"original-resource","Value":"\"35kMd2pU8gpsXzZzJzeTZe0gojJVH2ifLioO/rvyG5M=\""}]},{"Route":"abc-payment-demo-ajax.html","AssetFile":"abc-payment-demo-ajax.html.br","Selectors":[{"Name":"Content-Encoding","Value":"br","Quality":"0.000345423143"}],"ResponseHeaders":[{"Name":"Cache-Control","Value":"no-cache"},{"Name":"Content-Encoding","Value":"br"},{"Name":"Content-Length","Value":"2894"},{"Name":"Content-Type","Value":"text/html"},{"Name":"ETag","Value":"\"SbfjjQWXFeiCfugKQ0sKTBIdtde6OX8jaO8ShihAsjY=\""},{"Name":"Last-Modified","Value":"Mon, 26 Jan 2026 08:21:30 GMT"},{"Name":"Vary","Value":"Accept-Encoding"}],"EndpointProperties":[{"Name":"integrity","Value":"sha256-35kMd2pU8gpsXzZzJzeTZe0gojJVH2ifLioO/rvyG5M="},{"Name":"original-resource","Value":"\"35kMd2pU8gpsXzZzJzeTZe0gojJVH2ifLioO/rvyG5M=\""}]},{"Route":"abc-payment-demo-ajax.html","AssetFile":"abc-payment-demo-ajax.html","Selectors":[],"ResponseHeaders":[{"Name":"Cache-Control","Value":"no-cache"},{"Name":"Content-Length","Value":"19934"},{"Name":"Content-Type","Value":"text/html"},{"Name":"ETag","Value":"\"35kMd2pU8gpsXzZzJzeTZe0gojJVH2ifLioO/rvyG5M=\""},{"Name":"Last-Modified","Value":"Thu, 22 Jan 2026 23:34:44 GMT"},{"Name":"Vary","Value":"Accept-Encoding"}],"EndpointProperties":[{"Name":"integrity","Value":"sha256-35kMd2pU8gpsXzZzJzeTZe0gojJVH2ifLioO/rvyG5M="}]},{"Route":"abc-payment-demo-ajax.html.br","AssetFile":"abc-payment-demo-ajax.html.br","Selectors":[],"ResponseHeaders":[{"Name":"Cache-Control","Value":"no-cache"},{"Name":"Content-Encoding","Value":"br"},{"Name":"Content-Length","Value":"2894"},{"Name":"Content-Type","Value":"text/html"},{"Name":"ETag","Value":"\"SbfjjQWXFeiCfugKQ0sKTBIdtde6OX8jaO8ShihAsjY=\""},{"Name":"Last-Modified","Value":"Mon, 26 Jan 2026 08:21:30 GMT"},{"Name":"Vary","Value":"Accept-Encoding"}],"EndpointProperties":[{"Name":"integrity","Value":"sha256-SbfjjQWXFeiCfugKQ0sKTBIdtde6OX8jaO8ShihAsjY="}]},{"Route":"abc-payment-demo-ajax.html.gz","AssetFile":"abc-payment-demo-ajax.html.gz","Selectors":[],"ResponseHeaders":[{"Name":"Cache-Control","Value":"no-cache"},{"Name":"Content-Encoding","Value":"gzip"},{"Name":"Content-Length","Value":"3614"},{"Name":"Content-Type","Value":"text/html"},{"Name":"ETag","Value":"\"PlpVU6BmgCtaGUscGNP3uSya0ZEX1CHjMEAaXFXJcg0=\""},{"Name":"Last-Modified","Value":"Mon, 26 Jan 2026 08:21:27 GMT"},{"Name":"Vary","Value":"Accept-Encoding"}],"EndpointProperties":[{"Name":"integrity","Value":"sha256-PlpVU6BmgCtaGUscGNP3uSya0ZEX1CHjMEAaXFXJcg0="}]},{"Route":"abc-payment-demo-ajax.j7dw7yidst.html","AssetFile":"abc-payment-demo-ajax.html.gz","Selectors":[{"Name":"Content-Encoding","Value":"gzip","Quality":"0.000276625173"}],"ResponseHeaders":[{"Name":"Cache-Control","Value":"max-age=31536000, immutable"},{"Name":"Content-Encoding","Value":"gzip"},{"Name":"Content-Length","Value":"3614"},{"Name":"Content-Type","Value":"text/html"},{"Name":"ETag","Value":"\"PlpVU6BmgCtaGUscGNP3uSya0ZEX1CHjMEAaXFXJcg0=\""},{"Name":"Last-Modified","Value":"Mon, 26 Jan 2026 08:21:27 GMT"},{"Name":"Vary","Value":"Accept-Encoding"}],"EndpointProperties":[{"Name":"fingerprint","Value":"j7dw7yidst"},{"Name":"integrity","Value":"sha256-35kMd2pU8gpsXzZzJzeTZe0gojJVH2ifLioO/rvyG5M="},{"Name":"label","Value":"abc-payment-demo-ajax.html"},{"Name":"original-resource","Value":"\"35kMd2pU8gpsXzZzJzeTZe0gojJVH2ifLioO/rvyG5M=\""}]},{"Route":"abc-payment-demo-ajax.j7dw7yidst.html","AssetFile":"abc-payment-demo-ajax.html.br","Selectors":[{"Name":"Content-Encoding","Value":"br","Quality":"0.000345423143"}],"ResponseHeaders":[{"Name":"Cache-Control","Value":"max-age=31536000, immutable"},{"Name":"Content-Encoding","Value":"br"},{"Name":"Content-Length","Value":"2894"},{"Name":"Content-Type","Value":"text/html"},{"Name":"ETag","Value":"\"SbfjjQWXFeiCfugKQ0sKTBIdtde6OX8jaO8ShihAsjY=\""},{"Name":"Last-Modified","Value":"Mon, 26 Jan 2026 08:21:30 GMT"},{"Name":"Vary","Value":"Accept-Encoding"}],"EndpointProperties":[{"Name":"fingerprint","Value":"j7dw7yidst"},{"Name":"integrity","Value":"sha256-35kMd2pU8gpsXzZzJzeTZe0gojJVH2ifLioO/rvyG5M="},{"Name":"label","Value":"abc-payment-demo-ajax.html"},{"Name":"original-resource","Value":"\"35kMd2pU8gpsXzZzJzeTZe0gojJVH2ifLioO/rvyG5M=\""}]},{"Route":"abc-payment-demo-ajax.j7dw7yidst.html","AssetFile":"abc-payment-demo-ajax.html","Selectors":[],"ResponseHeaders":[{"Name":"Cache-Control","Value":"max-age=31536000, immutable"},{"Name":"Content-Length","Value":"19934"},{"Name":"Content-Type","Value":"text/html"},{"Name":"ETag","Value":"\"35kMd2pU8gpsXzZzJzeTZe0gojJVH2ifLioO/rvyG5M=\""},{"Name":"Last-Modified","Value":"Thu, 22 Jan 2026 23:34:44 GMT"},{"Name":"Vary","Value":"Accept-Encoding"}],"EndpointProperties":[{"Name":"fingerprint","Value":"j7dw7yidst"},{"Name":"integrity","Value":"sha256-35kMd2pU8gpsXzZzJzeTZe0gojJVH2ifLioO/rvyG5M="},{"Name":"label","Value":"abc-payment-demo-ajax.html"}]},{"Route":"abc-payment-demo-ajax.j7dw7yidst.html.br","AssetFile":"abc-payment-demo-ajax.html.br","Selectors":[],"ResponseHeaders":[{"Name":"Cache-Control","Value":"max-age=31536000, immutable"},{"Name":"Content-Encoding","Value":"br"},{"Name":"Content-Length","Value":"2894"},{"Name":"Content-Type","Value":"text/html"},{"Name":"ETag","Value":"\"SbfjjQWXFeiCfugKQ0sKTBIdtde6OX8jaO8ShihAsjY=\""},{"Name":"Last-Modified","Value":"Mon, 26 Jan 2026 08:21:30 GMT"},{"Name":"Vary","Value":"Accept-Encoding"}],"EndpointProperties":[{"Name":"fingerprint","Value":"j7dw7yidst"},{"Name":"integrity","Value":"sha256-SbfjjQWXFeiCfugKQ0sKTBIdtde6OX8jaO8ShihAsjY="},{"Name":"label","Value":"abc-payment-demo-ajax.html.br"}]},{"Route":"abc-payment-demo-ajax.j7dw7yidst.html.gz","AssetFile":"abc-payment-demo-ajax.html.gz","Selectors":[],"ResponseHeaders":[{"Name":"Cache-Control","Value":"max-age=31536000, immutable"},{"Name":"Content-Encoding","Value":"gzip"},{"Name":"Content-Length","Value":"3614"},{"Name":"Content-Type","Value":"text/html"},{"Name":"ETag","Value":"\"PlpVU6BmgCtaGUscGNP3uSya0ZEX1CHjMEAaXFXJcg0=\""},{"Name":"Last-Modified","Value":"Mon, 26 Jan 2026 08:21:27 GMT"},{"Name":"Vary","Value":"Accept-Encoding"}],"EndpointProperties":[{"Name":"fingerprint","Value":"j7dw7yidst"},{"Name":"integrity","Value":"sha256-PlpVU6BmgCtaGUscGNP3uSya0ZEX1CHjMEAaXFXJcg0="},{"Name":"label","Value":"abc-payment-demo-ajax.html.gz"}]},{"Route":"abc-payment-demo.4i8zagw1tc.html","AssetFile":"abc-payment-demo.html.gz","Selectors":[{"Name":"Content-Encoding","Value":"gzip","Quality":"0.000246487552"}],"ResponseHeaders":[{"Name":"Cache-Control","Value":"max-age=31536000, immutable"},{"Name":"Content-Encoding","Value":"gzip"},{"Name":"Content-Length","Value":"4056"},{"Name":"Content-Type","Value":"text/html"},{"Name":"ETag","Value":"\"RrMJQXl3NIZT8IHbrFADVF/SauhPn7FDcRhncONrim8=\""},{"Name":"Last-Modified","Value":"Mon, 26 Jan 2026 08:21:27 GMT"},{"Name":"Vary","Value":"Accept-Encoding"}],"EndpointProperties":[{"Name":"fingerprint","Value":"4i8zagw1tc"},{"Name":"integrity","Value":"sha256-zN/g/DPZPeJbkJ/dITOSLXIOB2nYm8q/LA8Ltwym3Gw="},{"Name":"label","Value":"abc-payment-demo.html"},{"Name":"original-resource","Value":"\"zN/g/DPZPeJbkJ/dITOSLXIOB2nYm8q/LA8Ltwym3Gw=\""}]},{"Route":"abc-payment-demo.4i8zagw1tc.html","AssetFile":"abc-payment-demo.html.br","Selectors":[{"Name":"Content-Encoding","Value":"br","Quality":"0.000320102433"}],"ResponseHeaders":[{"Name":"Cache-Control","Value":"max-age=31536000, immutable"},{"Name":"Content-Encoding","Value":"br"},{"Name":"Content-Length","Value":"3123"},{"Name":"Content-Type","Value":"text/html"},{"Name":"ETag","Value":"\"G7HeBoR0hQQo29KJ3+tCvkrsGDsasWvykLTFTyKdtjU=\""},{"Name":"Last-Modified","Value":"Mon, 26 Jan 2026 08:21:30 GMT"},{"Name":"Vary","Value":"Accept-Encoding"}],"EndpointProperties":[{"Name":"fingerprint","Value":"4i8zagw1tc"},{"Name":"integrity","Value":"sha256-zN/g/DPZPeJbkJ/dITOSLXIOB2nYm8q/LA8Ltwym3Gw="},{"Name":"label","Value":"abc-payment-demo.html"},{"Name":"original-resource","Value":"\"zN/g/DPZPeJbkJ/dITOSLXIOB2nYm8q/LA8Ltwym3Gw=\""}]},{"Route":"abc-payment-demo.4i8zagw1tc.html","AssetFile":"abc-payment-demo.html","Selectors":[],"ResponseHeaders":[{"Name":"Cache-Control","Value":"max-age=31536000, immutable"},{"Name":"Content-Length","Value":"15999"},{"Name":"Content-Type","Value":"text/html"},{"Name":"ETag","Value":"\"zN/g/DPZPeJbkJ/dITOSLXIOB2nYm8q/LA8Ltwym3Gw=\""},{"Name":"Last-Modified","Value":"Thu, 22 Jan 2026 08:28:00 GMT"},{"Name":"Vary","Value":"Accept-Encoding"}],"EndpointProperties":[{"Name":"fingerprint","Value":"4i8zagw1tc"},{"Name":"integrity","Value":"sha256-zN/g/DPZPeJbkJ/dITOSLXIOB2nYm8q/LA8Ltwym3Gw="},{"Name":"label","Value":"abc-payment-demo.html"}]},{"Route":"abc-payment-demo.4i8zagw1tc.html.br","AssetFile":"abc-payment-demo.html.br","Selectors":[],"ResponseHeaders":[{"Name":"Cache-Control","Value":"max-age=31536000, immutable"},{"Name":"Content-Encoding","Value":"br"},{"Name":"Content-Length","Value":"3123"},{"Name":"Content-Type","Value":"text/html"},{"Name":"ETag","Value":"\"G7HeBoR0hQQo29KJ3+tCvkrsGDsasWvykLTFTyKdtjU=\""},{"Name":"Last-Modified","Value":"Mon, 26 Jan 2026 08:21:30 GMT"},{"Name":"Vary","Value":"Accept-Encoding"}],"EndpointProperties":[{"Name":"fingerprint","Value":"4i8zagw1tc"},{"Name":"integrity","Value":"sha256-G7HeBoR0hQQo29KJ3+tCvkrsGDsasWvykLTFTyKdtjU="},{"Name":"label","Value":"abc-payment-demo.html.br"}]},{"Route":"abc-payment-demo.4i8zagw1tc.html.gz","AssetFile":"abc-payment-demo.html.gz","Selectors":[],"ResponseHeaders":[{"Name":"Cache-Control","Value":"max-age=31536000, immutable"},{"Name":"Content-Encoding","Value":"gzip"},{"Name":"Content-Length","Value":"4056"},{"Name":"Content-Type","Value":"text/html"},{"Name":"ETag","Value":"\"RrMJQXl3NIZT8IHbrFADVF/SauhPn7FDcRhncONrim8=\""},{"Name":"Last-Modified","Value":"Mon, 26 Jan 2026 08:21:27 GMT"},{"Name":"Vary","Value":"Accept-Encoding"}],"EndpointProperties":[{"Name":"fingerprint","Value":"4i8zagw1tc"},{"Name":"integrity","Value":"sha256-RrMJQXl3NIZT8IHbrFADVF/SauhPn7FDcRhncONrim8="},{"Name":"label","Value":"abc-payment-demo.html.gz"}]},{"Route":"abc-payment-demo.html","AssetFile":"abc-payment-demo.html.gz","Selectors":[{"Name":"Content-Encoding","Value":"gzip","Quality":"0.000246487552"}],"ResponseHeaders":[{"Name":"Cache-Control","Value":"no-cache"},{"Name":"Content-Encoding","Value":"gzip"},{"Name":"Content-Length","Value":"4056"},{"Name":"Content-Type","Value":"text/html"},{"Name":"ETag","Value":"\"RrMJQXl3NIZT8IHbrFADVF/SauhPn7FDcRhncONrim8=\""},{"Name":"Last-Modified","Value":"Mon, 26 Jan 2026 08:21:27 GMT"},{"Name":"Vary","Value":"Accept-Encoding"}],"EndpointProperties":[{"Name":"integrity","Value":"sha256-zN/g/DPZPeJbkJ/dITOSLXIOB2nYm8q/LA8Ltwym3Gw="},{"Name":"original-resource","Value":"\"zN/g/DPZPeJbkJ/dITOSLXIOB2nYm8q/LA8Ltwym3Gw=\""}]},{"Route":"abc-payment-demo.html","AssetFile":"abc-payment-demo.html.br","Selectors":[{"Name":"Content-Encoding","Value":"br","Quality":"0.000320102433"}],"ResponseHeaders":[{"Name":"Cache-Control","Value":"no-cache"},{"Name":"Content-Encoding","Value":"br"},{"Name":"Content-Length","Value":"3123"},{"Name":"Content-Type","Value":"text/html"},{"Name":"ETag","Value":"\"G7HeBoR0hQQo29KJ3+tCvkrsGDsasWvykLTFTyKdtjU=\""},{"Name":"Last-Modified","Value":"Mon, 26 Jan 2026 08:21:30 GMT"},{"Name":"Vary","Value":"Accept-Encoding"}],"EndpointProperties":[{"Name":"integrity","Value":"sha256-zN/g/DPZPeJbkJ/dITOSLXIOB2nYm8q/LA8Ltwym3Gw="},{"Name":"original-resource","Value":"\"zN/g/DPZPeJbkJ/dITOSLXIOB2nYm8q/LA8Ltwym3Gw=\""}]},{"Route":"abc-payment-demo.html","AssetFile":"abc-payment-demo.html","Selectors":[],"ResponseHeaders":[{"Name":"Cache-Control","Value":"no-cache"},{"Name":"Content-Length","Value":"15999"},{"Name":"Content-Type","Value":"text/html"},{"Name":"ETag","Value":"\"zN/g/DPZPeJbkJ/dITOSLXIOB2nYm8q/LA8Ltwym3Gw=\""},{"Name":"Last-Modified","Value":"Thu, 22 Jan 2026 08:28:00 GMT"},{"Name":"Vary","Value":"Accept-Encoding"}],"EndpointProperties":[{"Name":"integrity","Value":"sha256-zN/g/DPZPeJbkJ/dITOSLXIOB2nYm8q/LA8Ltwym3Gw="}]},{"Route":"abc-payment-demo.html.br","AssetFile":"abc-payment-demo.html.br","Selectors":[],"ResponseHeaders":[{"Name":"Cache-Control","Value":"no-cache"},{"Name":"Content-Encoding","Value":"br"},{"Name":"Content-Length","Value":"3123"},{"Name":"Content-Type","Value":"text/html"},{"Name":"ETag","Value":"\"G7HeBoR0hQQo29KJ3+tCvkrsGDsasWvykLTFTyKdtjU=\""},{"Name":"Last-Modified","Value":"Mon, 26 Jan 2026 08:21:30 GMT"},{"Name":"Vary","Value":"Accept-Encoding"}],"EndpointProperties":[{"Name":"integrity","Value":"sha256-G7HeBoR0hQQo29KJ3+tCvkrsGDsasWvykLTFTyKdtjU="}]},{"Route":"abc-payment-demo.html.gz","AssetFile":"abc-payment-demo.html.gz","Selectors":[],"ResponseHeaders":[{"Name":"Cache-Control","Value":"no-cache"},{"Name":"Content-Encoding","Value":"gzip"},{"Name":"Content-Length","Value":"4056"},{"Name":"Content-Type","Value":"text/html"},{"Name":"ETag","Value":"\"RrMJQXl3NIZT8IHbrFADVF/SauhPn7FDcRhncONrim8=\""},{"Name":"Last-Modified","Value":"Mon, 26 Jan 2026 08:21:27 GMT"},{"Name":"Vary","Value":"Accept-Encoding"}],"EndpointProperties":[{"Name":"integrity","Value":"sha256-RrMJQXl3NIZT8IHbrFADVF/SauhPn7FDcRhncONrim8="}]},{"Route":"wechat-refund-demo.html","AssetFile":"wechat-refund-demo.html.gz","Selectors":[{"Name":"Content-Encoding","Value":"gzip","Quality":"0.000187511719"}],"ResponseHeaders":[{"Name":"Cache-Control","Value":"no-cache"},{"Name":"Content-Encoding","Value":"gzip"},{"Name":"Content-Length","Value":"5332"},{"Name":"Content-Type","Value":"text/html"},{"Name":"ETag","Value":"\"QnlGQEqvpGyOA8XXHOKbHZCvyhxOI4MWLwoZebcsivA=\""},{"Name":"Last-Modified","Value":"Mon, 26 Jan 2026 08:21:27 GMT"},{"Name":"Vary","Value":"Accept-Encoding"}],"EndpointProperties":[{"Name":"integrity","Value":"sha256-vkw+VMOKM+AulzaoSAxITrkd9GQqzZHzWzwi+Yg67yE="},{"Name":"original-resource","Value":"\"vkw+VMOKM+AulzaoSAxITrkd9GQqzZHzWzwi+Yg67yE=\""}]},{"Route":"wechat-refund-demo.html","AssetFile":"wechat-refund-demo.html.br","Selectors":[{"Name":"Content-Encoding","Value":"br","Quality":"0.000231803431"}],"ResponseHeaders":[{"Name":"Cache-Control","Value":"no-cache"},{"Name":"Content-Encoding","Value":"br"},{"Name":"Content-Length","Value":"4313"},{"Name":"Content-Type","Value":"text/html"},{"Name":"ETag","Value":"\"SJ4HkK7/iJuAzcEROShrluTT6hzDzizU2cTx5oLono8=\""},{"Name":"Last-Modified","Value":"Mon, 26 Jan 2026 08:21:30 GMT"},{"Name":"Vary","Value":"Accept-Encoding"}],"EndpointProperties":[{"Name":"integrity","Value":"sha256-vkw+VMOKM+AulzaoSAxITrkd9GQqzZHzWzwi+Yg67yE="},{"Name":"original-resource","Value":"\"vkw+VMOKM+AulzaoSAxITrkd9GQqzZHzWzwi+Yg67yE=\""}]},{"Route":"wechat-refund-demo.html","AssetFile":"wechat-refund-demo.html","Selectors":[],"ResponseHeaders":[{"Name":"Cache-Control","Value":"no-cache"},{"Name":"Content-Length","Value":"26349"},{"Name":"Content-Type","Value":"text/html"},{"Name":"ETag","Value":"\"vkw+VMOKM+AulzaoSAxITrkd9GQqzZHzWzwi+Yg67yE=\""},{"Name":"Last-Modified","Value":"Mon, 26 Jan 2026 08:13:48 GMT"},{"Name":"Vary","Value":"Accept-Encoding"}],"EndpointProperties":[{"Name":"integrity","Value":"sha256-vkw+VMOKM+AulzaoSAxITrkd9GQqzZHzWzwi+Yg67yE="}]},{"Route":"wechat-refund-demo.html.br","AssetFile":"wechat-refund-demo.html.br","Selectors":[],"ResponseHeaders":[{"Name":"Cache-Control","Value":"no-cache"},{"Name":"Content-Encoding","Value":"br"},{"Name":"Content-Length","Value":"4313"},{"Name":"Content-Type","Value":"text/html"},{"Name":"ETag","Value":"\"SJ4HkK7/iJuAzcEROShrluTT6hzDzizU2cTx5oLono8=\""},{"Name":"Last-Modified","Value":"Mon, 26 Jan 2026 08:21:30 GMT"},{"Name":"Vary","Value":"Accept-Encoding"}],"EndpointProperties":[{"Name":"integrity","Value":"sha256-SJ4HkK7/iJuAzcEROShrluTT6hzDzizU2cTx5oLono8="}]},{"Route":"wechat-refund-demo.html.gz","AssetFile":"wechat-refund-demo.html.gz","Selectors":[],"ResponseHeaders":[{"Name":"Cache-Control","Value":"no-cache"},{"Name":"Content-Encoding","Value":"gzip"},{"Name":"Content-Length","Value":"5332"},{"Name":"Content-Type","Value":"text/html"},{"Name":"ETag","Value":"\"QnlGQEqvpGyOA8XXHOKbHZCvyhxOI4MWLwoZebcsivA=\""},{"Name":"Last-Modified","Value":"Mon, 26 Jan 2026 08:21:27 GMT"},{"Name":"Vary","Value":"Accept-Encoding"}],"EndpointProperties":[{"Name":"integrity","Value":"sha256-QnlGQEqvpGyOA8XXHOKbHZCvyhxOI4MWLwoZebcsivA="}]},{"Route":"wechat-refund-demo.mmt3se8uxl.html","AssetFile":"wechat-refund-demo.html.gz","Selectors":[{"Name":"Content-Encoding","Value":"gzip","Quality":"0.000187511719"}],"ResponseHeaders":[{"Name":"Cache-Control","Value":"max-age=31536000, immutable"},{"Name":"Content-Encoding","Value":"gzip"},{"Name":"Content-Length","Value":"5332"},{"Name":"Content-Type","Value":"text/html"},{"Name":"ETag","Value":"\"QnlGQEqvpGyOA8XXHOKbHZCvyhxOI4MWLwoZebcsivA=\""},{"Name":"Last-Modified","Value":"Mon, 26 Jan 2026 08:21:27 GMT"},{"Name":"Vary","Value":"Accept-Encoding"}],"EndpointProperties":[{"Name":"fingerprint","Value":"mmt3se8uxl"},{"Name":"integrity","Value":"sha256-vkw+VMOKM+AulzaoSAxITrkd9GQqzZHzWzwi+Yg67yE="},{"Name":"label","Value":"wechat-refund-demo.html"},{"Name":"original-resource","Value":"\"vkw+VMOKM+AulzaoSAxITrkd9GQqzZHzWzwi+Yg67yE=\""}]},{"Route":"wechat-refund-demo.mmt3se8uxl.html","AssetFile":"wechat-refund-demo.html.br","Selectors":[{"Name":"Content-Encoding","Value":"br","Quality":"0.000231803431"}],"ResponseHeaders":[{"Name":"Cache-Control","Value":"max-age=31536000, immutable"},{"Name":"Content-Encoding","Value":"br"},{"Name":"Content-Length","Value":"4313"},{"Name":"Content-Type","Value":"text/html"},{"Name":"ETag","Value":"\"SJ4HkK7/iJuAzcEROShrluTT6hzDzizU2cTx5oLono8=\""},{"Name":"Last-Modified","Value":"Mon, 26 Jan 2026 08:21:30 GMT"},{"Name":"Vary","Value":"Accept-Encoding"}],"EndpointProperties":[{"Name":"fingerprint","Value":"mmt3se8uxl"},{"Name":"integrity","Value":"sha256-vkw+VMOKM+AulzaoSAxITrkd9GQqzZHzWzwi+Yg67yE="},{"Name":"label","Value":"wechat-refund-demo.html"},{"Name":"original-resource","Value":"\"vkw+VMOKM+AulzaoSAxITrkd9GQqzZHzWzwi+Yg67yE=\""}]},{"Route":"wechat-refund-demo.mmt3se8uxl.html","AssetFile":"wechat-refund-demo.html","Selectors":[],"ResponseHeaders":[{"Name":"Cache-Control","Value":"max-age=31536000, immutable"},{"Name":"Content-Length","Value":"26349"},{"Name":"Content-Type","Value":"text/html"},{"Name":"ETag","Value":"\"vkw+VMOKM+AulzaoSAxITrkd9GQqzZHzWzwi+Yg67yE=\""},{"Name":"Last-Modified","Value":"Mon, 26 Jan 2026 08:13:48 GMT"},{"Name":"Vary","Value":"Accept-Encoding"}],"EndpointProperties":[{"Name":"fingerprint","Value":"mmt3se8uxl"},{"Name":"integrity","Value":"sha256-vkw+VMOKM+AulzaoSAxITrkd9GQqzZHzWzwi+Yg67yE="},{"Name":"label","Value":"wechat-refund-demo.html"}]},{"Route":"wechat-refund-demo.mmt3se8uxl.html.br","AssetFile":"wechat-refund-demo.html.br","Selectors":[],"ResponseHeaders":[{"Name":"Cache-Control","Value":"max-age=31536000, immutable"},{"Name":"Content-Encoding","Value":"br"},{"Name":"Content-Length","Value":"4313"},{"Name":"Content-Type","Value":"text/html"},{"Name":"ETag","Value":"\"SJ4HkK7/iJuAzcEROShrluTT6hzDzizU2cTx5oLono8=\""},{"Name":"Last-Modified","Value":"Mon, 26 Jan 2026 08:21:30 GMT"},{"Name":"Vary","Value":"Accept-Encoding"}],"EndpointProperties":[{"Name":"fingerprint","Value":"mmt3se8uxl"},{"Name":"integrity","Value":"sha256-SJ4HkK7/iJuAzcEROShrluTT6hzDzizU2cTx5oLono8="},{"Name":"label","Value":"wechat-refund-demo.html.br"}]},{"Route":"wechat-refund-demo.mmt3se8uxl.html.gz","AssetFile":"wechat-refund-demo.html.gz","Selectors":[],"ResponseHeaders":[{"Name":"Cache-Control","Value":"max-age=31536000, immutable"},{"Name":"Content-Encoding","Value":"gzip"},{"Name":"Content-Length","Value":"5332"},{"Name":"Content-Type","Value":"text/html"},{"Name":"ETag","Value":"\"QnlGQEqvpGyOA8XXHOKbHZCvyhxOI4MWLwoZebcsivA=\""},{"Name":"Last-Modified","Value":"Mon, 26 Jan 2026 08:21:27 GMT"},{"Name":"Vary","Value":"Accept-Encoding"}],"EndpointProperties":[{"Name":"fingerprint","Value":"mmt3se8uxl"},{"Name":"integrity","Value":"sha256-QnlGQEqvpGyOA8XXHOKbHZCvyhxOI4MWLwoZebcsivA="},{"Name":"label","Value":"wechat-refund-demo.html.gz"}]}]}