{
  "runtimeOptions": {
    "tfm": "net10.0",
    "frameworks": [
      {
        "name": "Microsoft.NETCore.App",
        "version": "10.0.0"
      },
      {
        "name": "Microsoft.AspNetCore.App",
        "version": "10.0.0"
      }
    ],
    "configProperties": {
      "System.Net.Security.AllowInsecureRenegotiation": true,
      "System.Net.Http.SocketsHttpHandler.Http2Support": false,
      "System.GC.Server": true,
      "System.Globalization.Invariant": false,
      "System.Reflection.Metadata.MetadataUpdater.IsSupported": false,
      "System.Runtime.Serialization.EnableUnsafeBinaryFormatterSerialization": false,
      "System.Text.Json.JsonSerializer.IsReflectionEnabledByDefault": true
    }
  }
}